Year,Month,Day,Date,D0,D1,D2,D2,D3,D4
2022,9,20,44824,100,63.81,23,23,0,0
2022,9,13,44817,100,66.12,23,23,0,0
2022,9,6,44810,100,66.88,23.48,23.48,0.51,0
2022,8,30,44803,100,66.88,23.48,23.48,2.89,0
2022,8,23,44796,100,73.22,28.67,28.67,2.89,0
2022,8,16,44789,100,84.98,33.58,33.58,3.31,0
2022,8,9,44782,100,89.68,55.32,55.32,11.35,0.39
2022,8,2,44775,100,90.06,59.65,59.65,14.41,1.32
2022,7,26,44768,100,93.05,60.37,60.37,16.64,2.08
2022,7,19,44761,100,98.48,67.85,67.85,25.9,3.01
2022,7,12,44754,100,98.48,67.83,67.83,25.9,3.01
2022,7,5,44747,100,98.48,69.79,69.79,25.9,3.01
2022,6,28,44740,100,98.48,71.71,71.71,26.21,3.01
2022,6,21,44733,100,98.48,77.9,77.9,26.77,3.01
2022,6,14,44726,100,98.48,77.9,77.9,26.77,3.01
2022,6,7,44719,100,98.48,77.9,77.9,26.77,3.01
2022,5,31,44712,100,98.48,77.88,77.88,26.77,3.01
2022,5,24,44705,100,98.48,77.88,77.88,26.77,3.01
2022,5,17,44698,100,98.48,67.47,67.47,21.33,3.01
2022,5,10,44691,100,98.48,62.23,62.23,17.65,0
2022,5,3,44684,100,98.48,62.22,62.22,10.26,0
2022,4,26,44677,100,98.48,62.22,62.22,6.28,0
2022,4,19,44670,100,86.42,59.77,59.77,6.28,0
2022,4,12,44663,100,86.42,59.77,59.77,6.28,0
2022,4,5,44656,100,86.42,59.77,59.77,6.28,0
2022,3,29,44649,100,75.35,29.49,29.49,6.28,0
2022,3,22,44642,100,75.35,29.49,29.49,6.28,0
2022,3,15,44635,100,75.35,29.49,29.49,6.28,0
2022,3,8,44628,100,75.35,29.49,29.49,6.28,0
2022,3,1,44621,100,75.35,29.49,29.49,6.28,0
2022,2,22,44614,100,56.71,25.89,25.89,5.08,0
2022,2,15,44607,100,56.71,25.89,25.89,5.08,0
2022,2,8,44600,100,56.71,25.84,25.84,5.08,0
2022,2,1,44593,100,56.71,25.8,25.8,5.08,0
2022,1,25,44586,100,56.71,25.8,25.8,5.08,0
2022,1,18,44579,100,56.71,25.8,25.8,5.08,0
2022,1,11,44572,100,56.71,25.8,25.8,5.08,0
2022,1,4,44565,100,55.74,26.15,26.15,5.08,0
2021,12,28,44558,100,60.92,26.2,26.2,5.08,0
2021,12,21,44551,100,76.93,34.11,34.11,8.95,0
2021,12,14,44544,100,76.8,34.08,34.08,8.89,0
2021,12,7,44537,100,76.78,34.08,34.08,8.89,0
2021,11,30,44530,100,76.78,34.08,34.08,8.89,0
2021,11,23,44523,100,76.78,34.08,34.08,8.89,0
2021,11,16,44516,100,76.78,34.08,34.08,8.89,0
2021,11,9,44509,100,76.78,34.08,34.08,8.89,0
2021,11,2,44502,100,76.78,34.08,34.08,8.89,0
2021,10,26,44495,100,76.78,34.08,34.08,8.89,0
2021,10,19,44488,100,76.83,34.08,34.08,9,0
2021,10,12,44481,100,76.83,34.42,34.42,9,0
2021,10,5,44474,100,80.35,40.02,40.02,13.68,0
2021,9,28,44467,100,80.38,40.02,40.02,13.69,0
2021,9,21,44460,100,86.84,40.02,40.02,13.69,0
2021,9,14,44453,100,86.84,40.02,40.02,13.69,0
2021,9,7,44446,100,86.84,40.02,40.02,13.69,0
2021,8,31,44439,100,96.25,54.23,54.23,16.5,0.96
2021,8,24,44432,100,96.25,54.27,54.27,16.5,0.96
2021,8,17,44425,100,96.68,55.52,55.52,33.98,5.36
2021,8,10,44418,100,99.03,82.76,82.76,35.8,5.88
2021,8,3,44411,100,98.93,82.76,82.76,35.8,6.05
2021,7,27,44404,100,98.93,94.64,94.64,51.65,8.65
2021,7,20,44397,100,98.93,94.64,94.64,84.11,35.6
2021,7,13,44390,100,98.93,94.64,94.64,89.47,57.79
2021,7,6,44383,100,98.96,94.62,94.62,89.49,57.79
2021,6,29,44376,100,98.94,94.62,94.62,89.49,57.79
2021,6,22,44369,100,98.94,94.62,94.62,86.52,57.79
2021,6,15,44362,100,98.94,94.64,94.64,86.52,57.79
2021,6,8,44355,100,98.94,94.64,94.64,86.52,57.79
2021,6,1,44348,100,99,94.62,94.62,86.52,57.79
2021,5,25,44341,100,99.01,94.62,94.62,86.52,57.79
2021,5,18,44334,100,99.02,94.66,94.66,86.56,57.79
2021,5,11,44327,100,99.02,94.66,94.66,86.56,57.79
2021,5,4,44320,100,99.02,94.62,94.62,86.56,57.79
2021,4,27,44313,100,99.02,94.62,94.62,86.56,57.79
2021,4,20,44306,100,99.02,94.62,94.62,86.56,57.79
2021,4,13,44299,100,98.9,94.66,94.66,86.56,57.79
2021,4,6,44292,100,98.9,94.66,94.66,86.56,54.8
2021,3,30,44285,100,98.9,94.66,94.66,86.56,54.8
2021,3,23,44278,100,98.9,94.66,94.66,86.56,54.8
2021,3,16,44271,100,98.85,94.6,94.6,84.67,53.5
2021,3,9,44264,100,98.92,94.6,94.6,84.67,53.5
2021,3,2,44257,100,98.92,94.6,94.6,84.67,53.5
2021,2,23,44250,100,98.92,94.6,94.6,84.67,53.5
2021,2,16,44243,100,98.92,94.6,94.6,84.62,53.5
2021,2,9,44236,100,98.92,94.6,94.6,84.77,53.66
2021,2,2,44229,100,98.92,94.6,94.6,84.77,53.66
2021,1,26,44222,100,100,96.56,96.56,92.42,57.96
2021,1,19,44215,100,100,98.32,98.32,93.86,72.69
2021,1,12,44208,100,100,98.34,98.34,93.86,72.69
2021,1,5,44201,100,100,98.34,98.34,93.86,72.69
2020,12,29,44194,100,100,98.34,98.34,93.86,72.69
2020,12,22,44187,100,100,98.34,98.34,93.86,72.69
2020,12,15,44180,100,100,98.34,98.34,93.86,72.69
2020,12,8,44173,100,100,98.35,98.35,92.82,76.81
2020,12,1,44166,100,100,98.35,98.35,92.82,76.81
2020,11,24,44159,100,100,98.35,98.35,92.82,71.83
2020,11,17,44152,100,100,95.06,95.06,84.76,32.81
2020,11,10,44145,100,100,95.06,95.06,84.76,19.5
2020,11,3,44138,100,100,95.01,95.01,83.85,8.7
2020,10,27,44131,100,100,95.01,95.01,83.85,8.7
2020,10,20,44124,100,100,95.01,95.01,83.85,8.7
2020,10,13,44117,100,100,95.01,95.01,77.73,6.86
2020,10,6,44110,100,100,95.01,95.01,77.73,6.86
2020,9,29,44103,100,100,93.97,93.97,69.95,3.37
2020,9,22,44096,100,100,90.67,90.67,57.34,0
2020,9,15,44089,100,100,90.67,90.67,57.34,0
2020,9,8,44082,100,97.46,89.42,89.42,56.45,0
2020,9,1,44075,100,97.45,82.16,82.16,42.25,0
2020,8,25,44068,100,97.45,82.36,82.36,42.25,0
2020,8,18,44061,100,90.19,74.64,74.64,0.68,0
2020,8,11,44054,93.58,81.73,26.42,26.42,0,0
2020,8,4,44047,93.58,81.68,25.76,25.76,0,0
2020,7,28,44040,85.7,46.89,15.99,15.99,0,0
2020,7,21,44033,85.7,36.39,6.79,6.79,0,0
2020,7,14,44026,45.25,13.68,6.76,6.76,0,0
2020,7,7,44019,42.56,13.56,6.76,6.76,0,0
2020,6,30,44012,32.55,13.56,6.76,6.76,0,0
2020,6,23,44005,32.55,13.56,6.76,6.76,0,0
2020,6,16,43998,32.55,13.56,6.76,6.76,0,0
2020,6,9,43991,32.55,13.56,6.76,6.76,0,0
2020,6,2,43984,19.49,13.67,6.76,6.76,0,0
2020,5,26,43977,19.49,13.67,6.74,6.74,0,0
2020,5,19,43970,19.49,13.67,6.74,6.74,0,0
2020,5,12,43963,19.49,13.67,6.74,6.74,0,0
2020,5,5,43956,19.4,13.45,6.77,6.77,0,0
2020,4,28,43949,19.4,13.45,6.77,6.77,0,0
2020,4,21,43942,19.41,13.45,6.77,6.77,0,0
2020,4,14,43935,19.41,13.45,6.77,6.77,0,0
2020,4,7,43928,23.38,18.58,10.39,10.39,0,0
2020,3,31,43921,23.38,18.58,10.39,10.39,0,0
2020,3,24,43914,26.77,19.47,11.32,11.32,0,0
2020,3,17,43907,26.97,19.47,11.36,11.36,0,0
2020,3,10,43900,29.66,21.89,14.02,14.02,0,0
2020,3,3,43893,29.66,21.89,14.02,14.02,0,0
2020,2,25,43886,29.66,21.89,14.02,14.02,0,0
2020,2,18,43879,34.72,22.42,14.65,14.65,0,0
2020,2,11,43872,29.87,23.02,14.65,14.65,0,0
2020,2,4,43865,29.63,23,14.65,14.65,0,0
2020,1,28,43858,29.63,23,14.65,14.65,0,0
2020,1,21,43851,29.63,23,14.65,14.65,0,0
2020,1,14,43844,29.63,23,14.65,14.65,0,0
2020,1,7,43837,29.63,23,14.65,14.65,0,0
2019,12,31,43830,29.63,23,16.73,16.73,0,0
2019,12,24,43823,49.46,26.63,22.01,22.01,0,0
2019,12,17,43816,49.46,26.63,22.01,22.01,0,0
2019,12,10,43809,49.46,26.63,22.01,22.01,0,0
2019,12,3,43802,75.95,46.33,25.44,25.44,0,0
2019,11,26,43795,91.32,70.86,38.52,38.52,1,0
2019,11,19,43788,91.82,78.4,45.75,45.75,1,0
2019,11,12,43781,91.82,78.4,45.56,45.56,0,0
2019,11,5,43774,91.82,78.35,39.52,39.52,0,0
2019,10,29,43767,91.82,78.35,39.52,39.52,0,0
2019,10,22,43760,91.82,78.35,39.52,39.52,0,0
2019,10,15,43753,91.82,76.85,33.96,33.96,0,0
2019,10,8,43746,91.82,76.85,27.53,27.53,0,0
2019,10,1,43739,95,80.99,25.66,25.66,0,0
2019,9,24,43732,96.7,85.47,25.8,25.8,0,0
2019,9,17,43725,96.7,85.47,25.8,25.8,0,0
2019,9,10,43718,93.81,73.59,15.83,15.83,0,0
2019,9,3,43711,88.84,25.91,0,0,0,0
2019,8,27,43704,76.39,19.47,0,0,0,0
2019,8,20,43697,53.43,0,0,0,0,0
2019,8,13,43690,38.87,0,0,0,0,0
2019,8,6,43683,4.83,0,0,0,0,0
2019,7,30,43676,4.83,0,0,0,0,0
2019,7,23,43669,4.83,0,0,0,0,0
2019,7,16,43662,4.69,0,0,0,0,0
2019,7,9,43655,4.69,0,0,0,0,0
2019,7,2,43648,4.69,0,0,0,0,0
2019,6,25,43641,4.69,0,0,0,0,0
2019,6,18,43634,4.69,0,0,0,0,0
2019,6,11,43627,4.69,0,0,0,0,0
2019,6,4,43620,15.69,4.44,0,0,0,0
2019,5,28,43613,16.09,4.44,0,0,0,0
2019,5,21,43606,16.09,4.44,0,0,0,0
2019,5,14,43599,16.69,4.59,0,0,0,0
2019,5,7,43592,16.69,4.59,0,0,0,0
2019,4,30,43585,16.69,4.59,0,0,0,0
2019,4,23,43578,16.73,4.63,0,0,0,0
2019,4,16,43571,17.77,4.63,0,0,0,0
2019,4,9,43564,17.77,4.63,0,0,0,0
2019,4,2,43557,17.77,4.63,0,0,0,0
2019,3,26,43550,17.77,4.63,0,0,0,0
2019,3,19,43543,17.83,5.5,0.21,0.21,0,0
2019,3,12,43536,26.98,16.28,5.13,5.13,0,0
2019,3,5,43529,37.76,18.74,5.5,5.5,0,0
2019,2,26,43522,37.76,18.69,5.5,5.5,0,0
2019,2,19,43515,68.73,30.13,16.62,16.62,3.34,0
2019,2,12,43508,84,30.74,16.62,16.62,3.34,0
2019,2,5,43501,84,32.9,18.3,18.3,3.34,0
2019,1,29,43494,84,32.98,18.23,18.23,3.3,0
2019,1,22,43487,84,39.01,18.23,18.23,3.3,0
2019,1,15,43480,84.18,59.33,27.8,27.8,12.6,3.3
2019,1,8,43473,84.18,59.68,27.8,27.8,12.6,3.3
2019,1,1,43466,92.62,66.78,32.09,32.09,12.6,3.3
2018,12,25,43459,100,69.79,32.67,32.67,12.6,3.3
2018,12,18,43452,100,69.79,32.76,32.76,12.6,3.3
2018,12,11,43445,100,69.79,32.76,32.76,12.6,3.3
2018,12,4,43438,100,73.99,34.37,34.37,12.6,3.3
2018,11,27,43431,100,73.99,34.41,34.41,12.6,4.33
2018,11,20,43424,100,76.99,35.33,35.33,12.6,4.33
2018,11,13,43417,100,81.52,35.33,35.33,12.6,4.33
2018,11,6,43410,100,83.76,35.33,35.33,12.6,4.32
2018,10,30,43403,100,86.67,42.72,42.72,12.6,4.32
2018,10,23,43396,100,90.48,42.72,42.72,12.6,4.32
2018,10,16,43389,100,90.48,42.72,42.72,16.14,4.32
2018,10,9,43382,100,96.37,53.88,53.88,23.64,6.94
2018,10,2,43375,100,98.76,76.99,76.99,34.12,8.62
2018,9,25,43368,100,100,83.98,83.98,41.92,8.62
2018,9,18,43361,100,100,83.98,83.98,41.92,8.62
2018,9,11,43354,100,100,83.98,83.98,41.92,8.62
2018,9,4,43347,100,100,89.67,89.67,48.23,8.62
2018,8,28,43340,100,100,90.79,90.79,48.23,8.62
2018,8,21,43333,100,100,91.01,91.01,48.23,8.62
2018,8,14,43326,100,100,91.01,91.01,48.23,8.62
2018,8,7,43319,100,100,91.01,91.01,57.13,10.55
2018,7,31,43312,100,100,91.01,91.01,57.65,10.55
2018,7,24,43305,100,100,97.05,97.05,64.56,10.55
2018,7,17,43298,100,100,97.05,97.05,72.4,14.95
2018,7,10,43291,100,100,97.05,97.05,73.62,15.71
2018,7,3,43284,100,100,97.05,97.05,73.62,15.71
2018,6,26,43277,100,100,97.05,97.05,73.62,15.71
2018,6,19,43270,100,100,97.05,97.05,73.62,15.71
2018,6,12,43263,100,100,97.05,97.05,73.62,15.71
2018,6,5,43256,100,100,97.05,97.05,73.61,15.71
2018,5,29,43249,100,100,97.05,97.05,73.61,15.71
2018,5,22,43242,100,100,97.05,97.05,73.2,15.71
2018,5,15,43235,100,100,97.07,97.07,63.08,10.33
2018,5,8,43228,100,100,95.98,95.98,63.06,9.62
2018,5,1,43221,100,100,95.98,95.98,60.35,9.62
2018,4,24,43214,100,100,93.05,93.05,47.96,9.62
2018,4,17,43207,100,100,92.63,92.63,47.56,4.31
2018,4,10,43200,100,100,92.63,92.63,47.56,3.98
2018,4,3,43193,100,100,92.63,92.63,47.49,0
2018,3,27,43186,100,100,89.47,89.47,46.49,0
2018,3,20,43179,100,100,84.16,84.16,35.29,0
2018,3,13,43172,100,100,84.16,84.16,23.77,0
2018,3,6,43165,100,100,84.09,84.09,23.77,0
2018,2,27,43158,100,100,73.22,73.22,9.27,0
2018,2,20,43151,100,100,73.22,73.22,9.27,0
2018,2,13,43144,100,100,73.41,73.41,8.91,0
2018,2,6,43137,100,100,65.32,65.32,8.91,0
2018,1,30,43130,100,100,64.27,64.27,8.91,0
2018,1,23,43123,100,100,51.06,51.06,0,0
2018,1,16,43116,100,100,28.73,28.73,0,0
2018,1,9,43109,100,100,28.73,28.73,0,0
2018,1,2,43102,100,100,28.66,28.66,0,0
2017,12,26,43095,100,100,3.96,3.96,0,0
2017,12,19,43088,100,100,3.96,3.96,0,0
2017,12,12,43081,100,97.28,2.05,2.05,0,0
2017,12,5,43074,100,97.28,2.05,2.05,0,0
2017,11,28,43067,100,73.1,2.05,2.05,0,0
2017,11,21,43060,91.39,44.65,2.05,2.05,0,0
2017,11,14,43053,91.39,44.26,2.05,2.05,0,0
2017,11,7,43046,90.66,44.26,2.05,2.05,0,0
2017,10,31,43039,79.02,41.27,2.05,2.05,0,0
2017,10,24,43032,71.37,25.9,0,0,0,0
2017,10,17,43025,62.09,10.69,0,0,0,0
2017,10,10,43018,62,10.69,0,0,0,0
2017,10,3,43011,62.49,10.69,0,0,0,0
2017,9,26,43004,54.62,10.69,0,0,0,0
2017,9,19,42997,24.84,10.69,0,0,0,0
2017,9,12,42990,24.84,10.69,0,0,0,0
2017,9,5,42983,24.84,10.69,0,0,0,0
2017,8,29,42976,24.84,10.69,0,0,0,0
2017,8,22,42969,24.84,10.69,0,0,0,0
2017,8,15,42962,32.88,10.69,0,0,0,0
2017,8,8,42955,32.89,10.69,0.23,0.23,0,0
2017,8,1,42948,39.08,10.69,0.23,0.23,0,0
2017,7,25,42941,65.8,15.75,0.23,0.23,0,0
2017,7,18,42934,78.12,29.87,0.23,0.23,0,0
2017,7,11,42927,64.45,29.87,0.23,0.23,0,0
2017,7,4,42920,64.45,27.83,0.23,0.23,0,0
2017,6,27,42913,51.07,27.83,0.23,0.23,0,0
2017,6,20,42906,51.07,27.83,0.23,0.23,0,0
2017,6,13,42899,47.86,27.83,0.23,0.23,0,0
2017,6,6,42892,47.86,27.83,0.23,0.23,0,0
2017,5,30,42885,47.86,27.83,0.23,0.23,0,0
2017,5,23,42878,47.86,27.83,0.23,0.23,0,0
2017,5,16,42871,47.85,27.83,0.23,0.23,0,0
2017,5,9,42864,47.9,26.51,0.23,0.23,0,0
2017,5,2,42857,41.08,13.51,0.23,0.23,0,0
2017,4,25,42850,41.03,13.51,0.23,0.23,0,0
2017,4,18,42843,41.03,13.51,0.23,0.23,0,0
2017,4,11,42836,28.13,13.51,0.23,0.23,0,0
2017,4,4,42829,28.13,13.51,0.23,0.23,0,0
2017,3,28,42822,28.13,13.51,0.23,0.23,0,0
2017,3,21,42815,28.13,13.51,0.23,0.23,0,0
2017,3,14,42808,28.13,13.51,0.23,0.23,0,0
2017,3,7,42801,28.13,13.51,0.23,0.23,0,0
2017,2,28,42794,52.64,14.72,0.61,0.61,0,0
2017,2,21,42787,55.01,15.02,0.61,0.61,0,0
2017,2,14,42780,55.01,13.91,0.61,0.61,0,0
2017,2,7,42773,55.01,13.92,0.61,0.61,0,0
2017,1,31,42766,55.01,13.92,0.61,0.61,0,0
2017,1,24,42759,58.97,23.42,3.65,3.65,0,0
2017,1,17,42752,61.32,24.76,3.65,3.65,0,0
2017,1,10,42745,61.32,24.76,3.65,3.65,0,0
2017,1,3,42738,61.32,24.76,3.65,3.65,0,0
2016,12,27,42731,68.12,33.02,3.65,3.65,0,0
2016,12,20,42724,77.78,44.76,4.17,4.17,0,0
2016,12,13,42717,77.78,44.76,4.17,4.17,0,0
2016,12,6,42710,77.39,44.76,4.17,4.17,0,0
2016,11,29,42703,77.39,44.76,4.17,4.17,0,0
2016,11,22,42696,77.39,44.76,4.17,4.17,0,0
2016,11,15,42689,77.39,44.76,4.17,4.17,0,0
2016,11,8,42682,77.39,44.76,4.17,4.17,0,0
2016,11,1,42675,77.39,44.76,4.17,4.17,0,0
2016,10,25,42668,77.39,44.76,4.17,4.17,0,0
2016,10,18,42661,77.39,44.76,4.17,4.17,0,0
2016,10,11,42654,77.39,44.76,4.17,4.17,0,0
2016,10,4,42647,77.39,44.76,4.17,4.17,0,0
2016,9,27,42640,93.77,44.76,4.17,4.17,0,0
2016,9,20,42633,99.95,44.76,4.17,4.17,0,0
2016,9,13,42626,99.95,44.76,4.17,4.17,0,0
2016,9,6,42619,99.93,71.85,2.84,2.84,0,0
2016,8,30,42612,99.93,71.85,2.84,2.84,0,0
2016,8,23,42605,99.93,72.32,2.84,2.84,0,0
2016,8,16,42598,99.93,72.32,2.84,2.84,0,0
2016,8,9,42591,99.93,72.32,3.96,3.96,0,0
2016,8,2,42584,99.93,72.32,3.96,3.96,0,0
2016,7,26,42577,99.93,72.32,8.73,8.73,0,0
2016,7,19,42570,99.61,59.42,7.99,7.99,0,0
2016,7,12,42563,99.59,59.42,7.99,7.99,0,0
2016,7,5,42556,99.59,59.42,7.99,7.99,0,0
2016,6,28,42549,99.59,59.42,7.99,7.99,0,0
2016,6,21,42542,99.59,59.42,7.99,7.99,0,0
2016,6,14,42535,99.59,59.42,7.99,7.99,0,0
2016,6,7,42528,99.59,59.42,7.99,7.99,0,0
2016,5,31,42521,99.59,59.42,1.17,1.17,0,0
2016,5,24,42514,100,66.2,1.17,1.17,0,0
2016,5,17,42507,100,66.75,1.17,1.17,0,0
2016,5,10,42500,100,66.75,1.17,1.17,0,0
2016,5,3,42493,100,66.75,1.17,1.17,0,0
2016,4,26,42486,100,66.75,1.17,1.17,0,0
2016,4,19,42479,99.28,66.75,1.17,1.17,0,0
2016,4,12,42472,99.3,66.75,1.17,1.17,0,0
2016,4,5,42465,97.5,66.75,1.17,1.17,0,0
2016,3,29,42458,97.5,53.97,1.17,1.17,0,0
2016,3,22,42451,97.07,53.97,1.17,1.17,0,0
2016,3,15,42444,95.14,23.33,0.43,0.43,0,0
2016,3,8,42437,95.12,21.96,0.43,0.43,0,0
2016,3,1,42430,80.64,16.66,0,0,0,0
2016,2,23,42423,68.89,16.13,0,0,0,0
2016,2,16,42416,57.06,16.13,0,0,0,0
2016,2,9,42409,57.06,16.13,0,0,0,0
2016,2,2,42402,57.06,16.13,0,0,0,0
2016,1,26,42395,57.06,15.94,0,0,0,0
2016,1,19,42388,57.06,16.33,0,0,0,0
2016,1,12,42381,62.88,16.33,0,0,0,0
2016,1,5,42374,85.7,29.87,1.27,1.27,0,0
2015,12,29,42367,85.75,29.87,1.27,1.27,0,0
2015,12,22,42360,85.75,29.87,1.27,1.27,0,0
2015,12,15,42353,84.27,29.87,1.27,1.27,0,0
2015,12,8,42346,84.27,29.87,1.27,1.27,0,0
2015,12,1,42339,84.27,29.87,1.27,1.27,0,0
2015,11,24,42332,84.27,43.58,1.27,1.27,0,0
2015,11,17,42325,84.27,43.58,1.27,1.27,0,0
2015,11,10,42318,84.27,43.58,1.27,1.27,0,0
2015,11,3,42311,84.27,44.63,2.14,2.14,0,0
2015,10,27,42304,84.27,50.14,2.14,2.14,0,0
2015,10,20,42297,87.19,54.35,3.28,3.28,0,0
2015,10,13,42290,89.52,62.6,3.28,3.28,0,0
2015,10,6,42283,89.52,62.6,3.28,3.28,0,0
2015,9,29,42276,89.52,62.6,3.28,3.28,0,0
2015,9,22,42269,92.96,64.41,3.8,3.8,0,0
2015,9,15,42262,92.96,70.88,5.57,5.57,0,0
2015,9,8,42255,92.96,70.79,5.57,5.57,0,0
2015,9,1,42248,92.96,70.79,5.57,5.57,0,0
2015,8,25,42241,92.96,70.79,5.57,5.57,0,0
2015,8,18,42234,92.96,70.79,5.57,5.57,0,0
2015,8,11,42227,92.96,74.94,9.57,9.57,0,0
2015,8,4,42220,92.96,74.94,9.57,9.57,0,0
2015,7,28,42213,92.96,74.94,9.57,9.57,0,0
2015,7,21,42206,92.96,74.94,9.57,9.57,0,0
2015,7,14,42199,92.96,76.15,24.56,24.56,0,0
2015,7,7,42192,92.96,76.15,24.56,24.56,0,0
2015,6,30,42185,92.96,76.15,24.56,24.56,0,0
2015,6,23,42178,92.96,76.15,24.56,24.56,0,0
2015,6,16,42171,92.96,76.84,24.8,24.8,0,0
2015,6,9,42164,92.96,79.06,27.06,27.06,0,0
2015,6,2,42157,92.96,80.21,29.26,29.26,0,0
2015,5,26,42150,92.96,80.21,29.26,29.26,0,0
2015,5,19,42143,92.96,80.21,29.48,29.48,0,0
2015,5,12,42136,92.96,80.21,29.48,29.48,0,0
2015,5,5,42129,92.96,80.21,29.48,29.48,0,0
2015,4,28,42122,92.96,80.21,29.49,29.49,0.97,0
2015,4,21,42115,92.96,80.21,29.49,29.49,0.97,0
2015,4,14,42108,92.96,80.21,29.49,29.49,0.97,0
2015,4,7,42101,92.93,80.21,29.49,29.49,0.97,0
2015,3,31,42094,92.93,80.21,29.49,29.49,0.97,0
2015,3,24,42087,92.93,80.21,29.49,29.49,0.97,0
2015,3,17,42080,92.88,80.21,29.49,29.49,0.97,0
2015,3,10,42073,92.88,80.21,24.22,24.22,0.97,0
2015,3,3,42066,92.88,80.27,23.84,23.84,0.97,0
2015,2,24,42059,92.88,81.78,27.79,27.79,4.94,0
2015,2,17,42052,92.88,81.78,27.79,27.79,4.94,0
2015,2,10,42045,92.88,78.2,27.79,27.79,2.77,0
2015,2,3,42038,92.88,75.22,27.79,27.79,2.77,0
2015,1,27,42031,100,82.64,39.19,39.19,2.77,0
2015,1,20,42024,100,82.64,39.19,39.19,2.77,0
2015,1,13,42017,100,82.71,34.92,34.92,2.77,0
2015,1,6,42010,100,82.71,34.92,34.92,2.77,0
2014,12,30,42003,100,83.05,35.34,35.34,3.84,0
2014,12,23,41996,100,83.05,35.34,35.34,3.84,0
2014,12,16,41989,100,83.05,35.34,35.34,3.84,0
2014,12,9,41982,100,84.94,35.34,35.34,3.84,0
2014,12,2,41975,100,84.94,35.34,35.34,3.84,0
2014,11,25,41968,100,84.94,35.34,35.34,3.75,0
2014,11,18,41961,100,84.94,35.34,35.34,3.75,0
2014,11,11,41954,100,84.94,35.34,35.34,3.75,0
2014,11,4,41947,100,84.9,35.34,35.34,3.75,0
2014,10,28,41940,100,84.56,37.76,37.76,3.75,0
2014,10,21,41933,100,84.56,37.76,37.76,3.75,0
2014,10,14,41926,100,84.56,37.92,37.92,3.76,0
2014,10,7,41919,100,84.56,37.92,37.92,3.76,0
2014,9,30,41912,100,84.58,37.92,37.92,3.76,0
2014,9,23,41905,100,85.36,39.41,39.41,3.83,0
2014,9,16,41898,100,87.51,43.82,43.82,3.77,0
2014,9,9,41891,100,87.51,48.93,48.93,3.77,0
2014,9,2,41884,100,90.74,56.6,56.6,6.71,0
2014,8,26,41877,100,90.75,56.6,56.6,6.71,0
2014,8,19,41870,100,97.88,65.34,65.34,9.39,0
2014,8,12,41863,100,97.88,69.74,69.74,12.9,0
2014,8,5,41856,100,97.88,69.74,69.74,10.84,0
2014,7,29,41849,100,97.88,68.25,68.25,16.84,0
2014,7,22,41842,100,97.88,72.3,72.3,17.59,0
2014,7,15,41835,100,97.88,72.3,72.3,15.64,0
2014,7,8,41828,100,98.17,76.3,76.3,17.11,0
2014,7,1,41821,100,98.17,76.3,76.3,17.11,0
2014,6,24,41814,100,98.17,76.3,76.3,16.82,0
2014,6,17,41807,100,98.17,76.3,76.3,16.82,0
2014,6,10,41800,100,98.17,76.28,76.28,16.82,0
2014,6,3,41793,100,98.17,76.28,76.28,7.69,0
2014,5,27,41786,100,98.17,76.28,76.28,7.69,0
2014,5,20,41779,100,98.17,76.28,76.28,7.69,0
2014,5,13,41772,100,98.17,76.28,76.28,7.69,0
2014,5,6,41765,100,98.17,61.32,61.32,7.69,0
2014,4,29,41758,100,98.17,61.2,61.2,7.69,0
2014,4,22,41751,100,98.17,61.2,61.2,7.31,0
2014,4,15,41744,100,88.56,57.06,57.06,5.18,0
2014,4,8,41737,100,88.56,57.06,57.06,5.18,0
2014,4,1,41730,100,87.99,57.01,57.01,5.18,0
2014,3,25,41723,100,88.03,57,57,5.18,0
2014,3,18,41716,93.88,88.06,57.04,57.04,5.18,0
2014,3,11,41709,93.77,77.26,54.71,54.71,5.18,0
2014,3,4,41702,93.82,77.26,54.71,54.71,5.18,0
2014,2,25,41695,93.82,77.24,57.2,57.2,7.04,0
2014,2,18,41688,93.82,77.09,57.2,57.2,7.04,0
2014,2,11,41681,91.71,76.21,39.68,39.68,0,0
2014,2,4,41674,91.71,68.43,36.1,36.1,0,0
2014,1,28,41667,91.71,68.43,36.1,36.1,0,0
2014,1,21,41660,83.92,57.75,24.66,24.66,0,0
2014,1,14,41653,83.92,57.75,24.66,24.66,0,0
2014,1,7,41646,83.92,57.19,24.66,24.66,0,0
2013,12,31,41639,79.28,53.58,14.73,14.73,0,0
2013,12,24,41632,79.28,53.58,14.73,14.73,0,0
2013,12,17,41625,79.28,53.58,16.32,16.32,0,0
2013,12,10,41618,79.28,53.58,16.32,16.32,0,0
2013,12,3,41611,79.28,53.58,16.32,16.32,0,0
2013,11,26,41604,79.28,53.58,16.32,16.32,0,0
2013,11,19,41597,90.86,68.05,25.28,25.28,0,0
2013,11,12,41590,85.16,61.9,25.28,25.28,0,0
2013,11,5,41583,85.18,61.92,25.28,25.28,0,0
2013,10,29,41576,85.16,61.92,25.28,25.28,0,0
2013,10,22,41569,85.16,61.92,25.28,25.28,0,0
2013,10,15,41562,85.1,61.96,25.28,25.28,0,0
2013,10,8,41555,85,61.91,25.28,25.28,0,0
2013,10,1,41548,85.17,61.91,25.28,25.28,0,0
2013,9,24,41541,85.17,61.91,25.28,25.28,0,0
2013,9,17,41534,87.19,66.82,30.35,30.35,1.94,0
2013,9,10,41527,96.57,74.04,41.52,41.52,15.49,1.94
2013,9,3,41520,100,76.23,42.31,42.31,15.55,1.94
2013,8,27,41513,100,85.78,48.82,48.82,19.37,3.04
2013,8,20,41506,100,85.78,56.39,56.39,20.39,3.04
2013,8,13,41499,100,85.78,56.39,56.39,20.86,3.04
2013,8,6,41492,100,85.78,56.39,56.39,20.86,3.04
2013,7,30,41485,100,86.71,57.9,57.9,22.81,3.04
2013,7,23,41478,100,91.13,63.58,63.58,22.81,3.04
2013,7,16,41471,100,92.46,72.77,72.77,26.46,3.04
2013,7,9,41464,100,92.46,72.77,72.77,27.36,3.04
2013,7,2,41457,100,92.46,74.35,74.35,27.4,3.04
2013,6,25,41450,100,92.49,74.44,74.44,23.48,0
2013,6,18,41443,100,92.49,72.23,72.23,22.25,0
2013,6,11,41436,100,92.49,72.23,72.23,19.67,0
2013,6,4,41429,100,92.49,72.53,72.53,19.67,0
2013,5,28,41422,100,86.66,70.11,70.11,18.95,0
2013,5,21,41415,100,86.66,70.11,70.11,18.95,0
2013,5,14,41408,100,86.66,69.64,69.64,18.95,0
2013,5,7,41401,100,86.66,69.64,69.64,18.9,0
2013,4,30,41394,100,86.66,66.28,66.28,16.22,0
2013,4,23,41387,97.38,83.62,57.69,57.69,13.8,0
2013,4,16,41380,97.36,82.64,43.98,43.98,5.63,0
2013,4,9,41373,96.94,81.3,41.15,41.15,5.63,0
2013,4,2,41366,96.94,80.11,29.72,29.72,2.03,0
2013,3,26,41359,96.94,80.11,29.72,29.72,2.03,0
2013,3,19,41352,96.94,80.11,29.72,29.72,2.03,0
2013,3,12,41345,96.94,80.11,29.72,29.72,2.03,0
2013,3,5,41338,100,83.17,29.87,29.87,2.03,0
2013,2,26,41331,100,83.08,29.45,29.45,2.03,0
2013,2,19,41324,100,83.13,29.45,29.45,2.03,0
2013,2,12,41317,100,87.66,29.45,29.45,2.03,0
2013,2,5,41310,100,88.73,33.06,33.06,6.62,0
2013,1,29,41303,100,88.73,33.06,33.06,6.62,0
2013,1,22,41296,100,97.82,37.86,37.86,8.84,0
2013,1,15,41289,100,97.82,37.86,37.86,8.84,0
2013,1,8,41282,100,97.82,37.78,37.78,8.68,0
2013,1,1,41275,100,97.91,37.78,37.78,8.68,0
2012,12,25,41268,100,97.91,37.78,37.78,8.5,0
2012,12,18,41261,100,97.91,37.78,37.78,8.5,0
2012,12,11,41254,100,98.62,41.48,41.48,8.5,0
2012,12,4,41247,100,98.62,41.43,41.43,8.5,0
2012,11,27,41240,100,98.66,41.43,41.43,8.14,0
2012,11,20,41233,100,98.66,34.1,34.1,5.67,0
2012,11,13,41226,100,98.66,34.1,34.1,5.67,0
2012,11,6,41219,100,98.66,35.51,35.51,5.67,0
2012,10,30,41212,100,98.66,34.89,34.89,5.67,0
2012,10,23,41205,100,98.66,31.28,31.28,5.67,0
2012,10,16,41198,100,98.66,31.28,31.28,5.67,0
2012,10,9,41191,100,100,31.42,31.42,5.67,0
2012,10,2,41184,100,100,31.42,31.42,5.67,0
2012,9,25,41177,100,100,31.93,31.93,5.67,0
2012,9,18,41170,100,100,31.93,31.93,5.67,0
2012,9,11,41163,100,100,32.65,32.65,6.89,0
2012,9,4,41156,100,100,41.7,41.7,6.89,0
2012,8,28,41149,100,100,41.68,41.68,7.46,0
2012,8,21,41142,100,100,71.29,71.29,13,0
2012,8,14,41135,100,100,93.97,93.97,24.95,0
2012,8,7,41128,100,100,93.97,93.97,24.91,0
2012,7,31,41121,100,100,94.07,94.07,25.07,0
2012,7,24,41114,100,100,94.07,94.07,25.07,0
2012,7,17,41107,100,100,94.07,94.07,26.33,0
2012,7,10,41100,100,100,94.07,94.07,26.33,0
2012,7,3,41093,100,100,93.78,93.78,25.07,0
2012,6,26,41086,100,100,93.72,93.72,25.07,0
2012,6,19,41079,100,100,93.72,93.72,24.6,0
2012,6,12,41072,100,96.08,83.21,83.21,16.29,0
2012,6,5,41065,100,96.08,82.74,82.74,16.29,0
2012,5,29,41058,100,96.08,82.74,82.74,16.29,0
2012,5,22,41051,100,96.08,82.74,82.74,16.29,0
2012,5,15,41044,100,96.08,69.31,69.31,16.29,0
2012,5,8,41037,100,96.08,67.19,67.19,16.29,0
2012,5,1,41030,100,96.1,67.19,67.19,16.29,0
2012,4,24,41023,100,95.98,67.19,67.19,16.29,0
2012,4,17,41016,100,95.88,64.96,64.96,12.61,0
2012,4,10,41009,100,93.82,62.21,62.21,12.61,0
2012,4,3,41002,100,93.82,61.86,61.86,12.61,0
2012,3,27,40995,99.61,93.25,60.47,60.47,12.61,0
2012,3,20,40988,99.53,93.25,60.47,60.47,8.54,0
2012,3,13,40981,99.53,92.82,62.25,62.25,8.52,0
2012,3,6,40974,99.53,91.72,46.23,46.23,0,0
2012,2,28,40967,99.53,91.72,40.36,40.36,0,0
2012,2,21,40960,98.02,86.92,33.32,33.32,0,0
2012,2,14,40953,98.02,80.56,33.32,33.32,0,0
2012,2,7,40946,98.61,81.05,36.56,36.56,2.78,0
2012,1,31,40939,93.61,73.48,36.56,36.56,2.78,0
2012,1,24,40932,92.77,60.34,36.56,36.56,2.78,0
2012,1,17,40925,92.64,60.34,36.56,36.56,2.78,0
2012,1,10,40918,83.3,60.34,36.56,36.56,2.78,0
2012,1,3,40911,83.3,60.34,36.56,36.56,2.78,0
2011,12,27,40904,83.3,60.34,36.56,36.56,2.78,0
2011,12,20,40897,83.3,60.34,36.56,36.56,2.78,0
2011,12,13,40890,98.47,71.18,48.8,48.8,29.06,0
2011,12,6,40883,98.47,71.18,48.8,48.8,29.99,0.38
2011,11,29,40876,98.47,72.24,48.8,48.8,29.99,0.38
2011,11,22,40869,98.47,72.24,48.8,48.8,29.99,1.24
2011,11,15,40862,98.47,72.24,48.8,48.8,29.99,1.24
2011,11,8,40855,98.5,72.03,48.37,48.37,29.86,1.24
2011,11,1,40848,98.5,72.03,48.37,48.37,29.83,1.24
2011,10,25,40841,98.57,68.57,42.81,42.81,15.12,1.24
2011,10,18,40834,98.57,68.57,42.81,42.81,15.12,1.24
2011,10,11,40827,99.11,69.11,42.81,42.81,15.12,1.24
2011,10,4,40820,99.98,69.76,42.81,42.81,15.34,1.67
2011,9,27,40813,99.98,69.76,42.81,42.81,15.34,1.67
2011,9,20,40806,99.98,69.76,42.81,42.81,15.34,1.67
2011,9,13,40799,99.99,71.5,45.86,45.86,19.15,1.67
2011,9,6,40792,99.99,70.4,39.34,39.34,19.15,1.67
2011,8,30,40785,97.59,70.17,39.12,39.12,18.99,1.35
2011,8,23,40778,97.59,61.56,33.69,33.69,12.93,2.08
2011,8,16,40771,97.59,61.56,36.79,36.79,11.52,2.08
2011,8,9,40764,88.85,60.35,37.15,37.15,14.02,4.83
2011,8,2,40757,88.85,60.35,37.15,37.15,14.02,4.83
2011,7,26,40750,88.85,60.35,37.15,37.15,14.02,4.83
2011,7,19,40743,88.85,60.35,37.15,37.15,14.28,4.83
2011,7,12,40736,87.22,60.35,38.2,38.2,15.02,4.83
2011,7,5,40729,97.54,61.64,40.02,40.02,18.27,5.62
2011,6,28,40722,97.54,61.64,40.02,40.02,18.27,5.62
2011,6,21,40715,77.4,56.26,28.69,28.69,18.27,5.62
2011,6,14,40708,77.49,56.26,28.69,28.69,18.27,5.62
2011,6,7,40701,77.49,56.26,28.69,28.69,18.34,0.96
2011,5,31,40694,77.49,56.26,28.69,28.69,15.59,0
2011,5,24,40687,77.49,56.26,28.69,28.69,15.59,0
2011,5,17,40680,86.17,58.25,31.54,31.54,15.59,0
2011,5,10,40673,86.17,57.9,31.54,31.54,15.59,0
2011,5,3,40666,86.07,57.89,31.54,31.54,15.59,0
2011,4,26,40659,86.07,57.89,22.16,22.16,11.73,0
2011,4,19,40652,74.38,49.3,22.16,22.16,11.73,0
2011,4,12,40645,74.38,49.3,22.16,22.16,11.73,0
2011,4,5,40638,74.34,49.27,22.05,22.05,11.84,0
2011,3,29,40631,75.16,47.39,21.37,21.37,10.96,0
2011,3,22,40624,71.36,40.91,13.72,13.72,5.96,0
2011,3,15,40617,71.36,40.88,12.59,12.59,5.96,0
2011,3,8,40610,70.93,40.88,12.59,12.59,5.6,0
2011,3,1,40603,70.93,40.88,12.59,12.59,0,0
2011,2,22,40596,70.93,40.88,12.59,12.59,0,0
2011,2,15,40589,70.93,40.88,12.59,12.59,0,0
2011,2,8,40582,70.96,40.88,12.59,12.59,0,0
2011,2,1,40575,69.39,32,12.5,12.5,0,0
2011,1,25,40568,59.54,32,3.94,3.94,0,0
2011,1,18,40561,59.54,32,0,0,0,0
2011,1,11,40554,59.66,31.93,0,0,0,0
2011,1,4,40547,62.95,32.38,0,0,0,0
2010,12,28,40540,68.6,32.45,0,0,0,0
2010,12,21,40533,94.35,36.28,0,0,0,0
2010,12,14,40526,94.35,26.15,0,0,0,0
2010,12,7,40519,99.87,6.76,0,0,0,0
2010,11,30,40512,49.52,6.76,0,0,0,0
2010,11,23,40505,48.82,6.76,0,0,0,0
2010,11,16,40498,48.82,6.76,0,0,0,0
2010,11,9,40491,48.55,3.26,0,0,0,0
2010,11,2,40484,48.55,3.26,0,0,0,0
2010,10,26,40477,48.55,3.26,0,0,0,0
2010,10,19,40470,60.25,8.75,3.23,3.23,0,0
2010,10,12,40463,60.25,8.75,3.23,3.23,0,0
2010,10,5,40456,60,18.58,3.23,3.23,0,0
2010,9,28,40449,60,18.58,3.23,3.23,0,0
2010,9,21,40442,60,18.58,3.23,3.23,0,0
2010,9,14,40435,60,18.58,3.23,3.23,0,0
2010,9,7,40428,60,12.49,3.23,3.23,0,0
2010,8,31,40421,60,12.49,3.17,3.17,0,0
2010,8,24,40414,60,12.49,3.17,3.17,0,0
2010,8,17,40407,60,12.35,2.67,2.67,0,0
2010,8,10,40400,60,13.38,2.67,2.67,0,0
2010,8,3,40393,60,21.92,3.56,3.56,0,0
2010,7,27,40386,71.21,28.56,5.05,5.05,0,0
2010,7,20,40379,73.71,21.52,4.21,4.21,0,0
2010,7,13,40372,58.06,16.04,4.21,4.21,0,0
2010,7,6,40365,58.06,16.04,4.21,4.21,0,0
2010,6,29,40358,41.93,14.64,2.66,2.66,0,0
2010,6,22,40351,40.25,14.64,2.66,2.66,0,0
2010,6,15,40344,36.16,14.64,2.66,2.66,0,0
2010,6,8,40337,36.13,14.43,2.66,2.66,0,0
2010,6,1,40330,36.57,14.43,2.66,2.66,0,0
2010,5,25,40323,36.57,14.43,2.66,2.66,0,0
2010,5,18,40316,36.57,14.43,2.66,2.66,0,0
2010,5,11,40309,56.96,14.43,2.66,2.66,0,0
2010,5,4,40302,56.92,14.43,2.66,2.66,0,0
2010,4,27,40295,56.92,14.43,2.66,2.66,0,0
2010,4,20,40288,56.92,14.43,2.66,2.66,0,0
2010,4,13,40281,60.63,14.43,2.66,2.66,0,0
2010,4,6,40274,67.04,14.43,2.66,2.66,0,0
2010,3,30,40267,67.04,14.43,2.66,2.66,0,0
2010,3,23,40260,67.04,23.97,6.41,6.41,0,0
2010,3,16,40253,71.47,27.56,9.01,9.01,0,0
2010,3,9,40246,76.25,30.29,9.17,9.17,0,0
2010,3,2,40239,76.25,48.32,14.48,14.48,0,0
2010,2,23,40232,84.74,53.3,14.48,14.48,0,0
2010,2,16,40225,84.74,53.37,14.48,14.48,0,0
2010,2,9,40218,84.84,53.37,14.48,14.48,0,0
2010,2,2,40211,89.47,55.91,14.48,14.48,0,0
2010,1,26,40204,92.21,68.52,15.75,15.75,3.47,0
2010,1,19,40197,100,97.34,87.97,87.97,9.61,0
2010,1,12,40190,100,97.34,87.97,87.97,9.61,0
2010,1,5,40183,100,97.23,71.1,71.1,5.06,0
2009,12,29,40176,100,97.23,71.18,71.18,5.06,0
2009,12,22,40169,100,97.23,71.18,71.18,5.06,0
2009,12,15,40162,100,97.23,71.18,71.18,5.06,0
2009,12,8,40155,100,97.23,75.55,75.55,5.7,0
2009,12,1,40148,100,97.23,75.55,75.55,5.7,0
2009,11,24,40141,100,97.23,75.58,75.58,5.4,0
2009,11,17,40134,100,89.61,63.5,63.5,0,0
2009,11,10,40127,100,86.91,55.23,55.23,0,0
2009,11,3,40120,100,86.91,53.49,53.49,0,0
2009,10,27,40113,100,84.63,53.49,53.49,0,0
2009,10,20,40106,100,84.63,53.5,53.5,0,0
2009,10,13,40099,100,84.63,53.5,53.5,0,0
2009,10,6,40092,98.58,80.33,10.7,10.7,0,0
2009,9,29,40085,95.37,53.86,0,0,0,0
2009,9,22,40078,95.37,53.42,0,0,0,0
2009,9,15,40071,98.84,59.06,0,0,0,0
2009,9,8,40064,98.84,60.4,0,0,0,0
2009,9,1,40057,98.84,47.31,0,0,0,0
2009,8,25,40050,89.73,47.31,0,0,0,0
2009,8,18,40043,89.58,4.25,0,0,0,0
2009,8,11,40036,89.58,0,0,0,0,0
2009,8,4,40029,89.48,0,0,0,0,0
2009,7,28,40022,54.17,0,0,0,0,0
2009,7,21,40015,54.17,0,0,0,0,0
2009,7,14,40008,54.17,0,0,0,0,0
2009,7,7,40001,54.17,0,0,0,0,0
2009,6,30,39994,61.84,4.58,0,0,0,0
2009,6,23,39987,64.6,7.18,0,0,0,0
2009,6,16,39980,64.65,7.18,0,0,0,0
2009,6,9,39973,64.8,7.18,0,0,0,0
2009,6,2,39966,64.8,7.18,0,0,0,0
2009,5,26,39959,66.78,7.18,0,0,0,0
2009,5,19,39952,82.8,34.8,0,0,0,0
2009,5,12,39945,81.31,26.25,0,0,0,0
2009,5,5,39938,81.29,19.01,0,0,0,0
2009,4,28,39931,81.3,14.41,0,0,0,0
2009,4,21,39924,81.31,14.41,0,0,0,0
2009,4,14,39917,56.99,1.7,0,0,0,0
2009,4,7,39910,40.29,1.7,0,0,0,0
2009,3,31,39903,40.29,1.7,0,0,0,0
2009,3,24,39896,40.29,1.7,0,0,0,0
2009,3,17,39889,38.94,1.63,0,0,0,0
2009,3,10,39882,38.94,1.63,0,0,0,0
2009,3,3,39875,29.28,1.63,0,0,0,0
2009,2,24,39868,21.03,0,0,0,0,0
2009,2,17,39861,21.03,0,0,0,0,0
2009,2,10,39854,35.22,0.2,0,0,0,0
2009,2,3,39847,37.87,1,0,0,0,0
2009,1,27,39840,37.8,1,0,0,0,0
2009,1,20,39833,37.69,1,0,0,0,0
2009,1,13,39826,37.69,1,0,0,0,0
2009,1,6,39819,37.69,1,0,0,0,0
2008,12,30,39812,38.76,1,0,0,0,0
2008,12,23,39805,41.06,1,0,0,0,0
2008,12,16,39798,60.32,1.18,0,0,0,0
2008,12,9,39791,60.32,1.18,0,0,0,0
2008,12,2,39784,60.32,1.18,0,0,0,0
2008,11,25,39777,60.32,1.18,0,0,0,0
2008,11,18,39770,60.32,1.18,0,0,0,0
2008,11,11,39763,33.57,1.18,0,0,0,0
2008,11,4,39756,32.51,1.18,0,0,0,0
2008,10,28,39749,32.51,1.18,0,0,0,0
2008,10,21,39742,32.47,1.25,0,0,0,0
2008,10,14,39735,16.87,1,0,0,0,0
2008,10,7,39728,16.9,0.79,0,0,0,0
2008,9,30,39721,16.9,3.23,0,0,0,0
2008,9,23,39714,16.9,3.23,0,0,0,0
2008,9,16,39707,16.9,3.23,0,0,0,0
2008,9,9,39700,16.83,3.23,0,0,0,0
2008,9,2,39693,16.83,5.13,0,0,0,0
2008,8,26,39686,16.79,2.32,0,0,0,0
2008,8,19,39679,16.79,2.32,0,0,0,0
2008,8,12,39672,16.89,2.32,0,0,0,0
2008,8,5,39665,16.42,2.32,0,0,0,0
2008,7,29,39658,16.42,2.32,0,0,0,0
2008,7,22,39651,16.42,2.32,0,0,0,0
2008,7,15,39644,44.87,16.95,0,0,0,0
2008,7,8,39637,56.94,20.01,1.87,1.87,0,0
2008,7,1,39630,56.94,22.07,1.87,1.87,0,0
2008,6,24,39623,56.94,23.78,1.87,1.87,0,0
2008,6,17,39616,56.94,23.78,1.87,1.87,0,0
2008,6,10,39609,55.84,18.87,0,0,0,0
2008,6,3,39602,55.74,18.87,0,0,0,0
2008,5,27,39595,55.74,18.87,0,0,0,0
2008,5,20,39588,100,24.75,0,0,0,0
2008,5,13,39581,100,24.75,0,0,0,0
2008,5,6,39574,100,24.75,0,0,0,0
2008,4,29,39567,99.83,27.56,0,0,0,0
2008,4,22,39560,45.26,20.49,0,0,0,0
2008,4,15,39553,45.26,20.49,0,0,0,0
2008,4,8,39546,45.05,18.58,0,0,0,0
2008,4,1,39539,45.05,18.58,0,0,0,0
2008,3,25,39532,37.98,17.39,0,0,0,0
2008,3,18,39525,37.98,17.39,0.78,0.78,0,0
2008,3,11,39518,37.98,17.39,0.78,0.78,0,0
2008,3,4,39511,37.98,17.39,0.78,0.78,0,0
2008,2,26,39504,39.89,17.9,0.78,0.78,0,0
2008,2,19,39497,39.89,17.9,0.78,0.78,0,0
2008,2,12,39490,39.89,17.9,0.78,0.78,0,0
2008,2,5,39483,37.3,18.04,0.78,0.78,0,0
2008,1,29,39476,41.98,20.62,0.78,0.78,0,0
2008,1,22,39469,70.74,42.59,21.9,21.9,0,0
2008,1,15,39462,70.74,42.72,21.9,21.9,0,0
2008,1,8,39455,70.74,42.72,21.9,21.9,0,0
2008,1,1,39448,76.88,48.69,30.8,30.8,0,0
2007,12,25,39441,76.88,48.7,30.8,30.8,0,0
2007,12,18,39434,76.88,48.7,30.8,30.8,0,0
2007,12,11,39427,76.88,48.37,30.8,30.8,0,0
2007,12,4,39420,86.4,54.12,30.8,30.8,0,0
2007,11,27,39413,92.89,81.11,41.16,41.16,27.16,0
2007,11,20,39406,92.89,63.55,41.16,41.16,27.16,0
2007,11,13,39399,92.89,63.55,41.16,41.16,27.16,0
2007,11,6,39392,92.89,63.55,40.52,40.52,27.16,0
2007,10,30,39385,87.06,63.55,40.52,40.52,27.16,0
2007,10,23,39378,87.06,63.55,40.52,40.52,27.16,0
2007,10,16,39371,87.06,63.55,40.52,40.52,27.16,0
2007,10,9,39364,87.06,63.55,40.52,40.52,27.16,0
2007,10,2,39357,87.06,63.55,40.52,40.52,27.16,0
2007,9,25,39350,87.04,63.92,40.52,40.52,27.16,0
2007,9,18,39343,88.55,67.85,50.77,50.77,27.16,0
2007,9,11,39336,88.55,67.85,50.77,50.77,27.16,0
2007,9,4,39329,88.55,67.85,50.77,50.77,27.16,0
2007,8,28,39322,88.55,67.85,50.77,50.77,27.16,0
2007,8,21,39315,89.43,68.27,50.77,50.77,27.16,0
2007,8,14,39308,96.87,86.75,52.61,52.61,28.59,0
2007,8,7,39301,100,89.08,51.51,51.51,28.59,0
2007,7,31,39294,100,89.08,80.46,80.46,28.59,0
2007,7,24,39287,100,89.08,80.46,80.46,28.59,0
2007,7,17,39280,100,89.08,74.21,74.21,28.59,0
2007,7,10,39273,100,89.08,74.21,74.21,28.59,0
2007,7,3,39266,100,89.08,74.21,74.21,26.51,0
2007,6,26,39259,100,89.08,74.21,74.21,26.51,0
2007,6,19,39252,100,89.08,74.21,74.21,21.93,0
2007,6,12,39245,100,89.08,74.21,74.21,21.96,0
2007,6,5,39238,100,89.08,74.21,74.21,21.96,0
2007,5,29,39231,100,89.08,74.21,74.21,21.96,0
2007,5,22,39224,100,89.54,74.21,74.21,21.96,0
2007,5,15,39217,100,89.54,74.21,74.21,21.96,0
2007,5,8,39210,100,89.54,74.21,74.21,21.96,0
2007,5,1,39203,100,89.54,74.21,74.21,21.96,0
2007,4,24,39196,100,89.24,74.21,74.21,21.96,0
2007,4,17,39189,100,89.24,74.21,74.21,21.96,0
2007,4,10,39182,100,89.24,71.68,71.68,21.69,0
2007,4,3,39175,100,89.24,71.68,71.68,21.69,0
2007,3,27,39168,100,89.88,71.68,71.68,21.69,0
2007,3,20,39161,100,90.48,72.24,72.24,21.69,0
2007,3,13,39154,100,89.19,68.86,68.86,21.69,0
2007,3,6,39147,94.83,77.44,50.05,50.05,0,0
2007,2,27,39140,94.83,74.98,50.05,50.05,0,0
2007,2,20,39133,95.23,78,50.05,50.05,0,0
2007,2,13,39126,95.23,78,50.05,50.05,0,0
2007,2,6,39119,95.23,78,50.05,50.05,0,0
2007,1,30,39112,95.51,78,33.36,33.36,0,0
2007,1,23,39105,95.51,77.75,33.36,33.36,0,0
2007,1,16,39098,95.95,77.94,31.74,31.74,3.02,0
2007,1,9,39091,95.95,77.94,31.74,31.74,3.02,0
2007,1,2,39084,98.99,77.29,22.75,22.75,3.02,0
2006,12,26,39077,99,77.13,22.75,22.75,3.02,0
2006,12,19,39070,99,77.13,22.75,22.75,3.02,0
2006,12,12,39063,98.92,77.08,22.75,22.75,3.02,0
2006,12,5,39056,93.87,68.28,22.75,22.75,3.02,0
2006,11,28,39049,94.05,67.87,22.75,22.75,3.02,0
2006,11,21,39042,93.96,67.87,22.75,22.75,3.02,0
2006,11,14,39035,93.75,67.87,22.75,22.75,3.02,0
2006,11,7,39028,93.75,67.87,22.75,22.75,3.02,0
2006,10,31,39021,93.75,67.87,22.75,22.75,3.02,0
2006,10,24,39014,93.75,67.87,22.75,22.75,3.02,0
2006,10,17,39007,93.75,67.87,22.75,22.75,3.02,0
2006,10,10,39000,93.75,67.87,22.75,22.75,3.02,0
2006,10,3,38993,94.58,75.93,28.46,28.46,7.27,0
2006,9,26,38986,94.42,75.93,28.46,28.46,7.27,0
2006,9,19,38979,94.37,75.93,28.46,28.46,7.27,0
2006,9,12,38972,98.81,87.33,40.16,40.16,10.16,0
2006,9,5,38965,98.76,87.33,44.46,44.46,10.61,0
2006,8,29,38958,98.58,84.17,41.53,41.53,10.61,0
2006,8,22,38951,98.93,90.77,41.53,41.53,11.78,0
2006,8,15,38944,99.15,91.66,58.52,58.52,15.24,0
2006,8,8,38937,99.15,93.22,62.85,62.85,18.82,0
2006,8,1,38930,99.15,94.57,74.14,74.14,22.07,1.48
2006,7,25,38923,99.96,95.59,79.13,79.13,46.11,6.36
2006,7,18,38916,99.96,95.59,79.13,79.13,46.11,6.36
2006,7,11,38909,100,95.59,79.13,79.13,46.11,6.36
2006,7,4,38902,100,95.5,76.8,76.8,45.77,14.25
2006,6,27,38895,100,97.19,84.2,84.2,51.21,16.78
2006,6,20,38888,100,97.19,84.2,84.2,51.21,14.47
2006,6,13,38881,100,97.19,84.2,84.2,51.21,14.47
2006,6,6,38874,100,97.32,84.57,84.57,51.21,14.44
2006,5,30,38867,100,94.49,80.82,80.82,51.21,14.44
2006,5,23,38860,100,94.49,80.82,80.82,51.21,14.44
2006,5,16,38853,100,94.32,79.15,79.15,50.2,14.44
2006,5,9,38846,100,91.37,76.27,76.27,48.33,12.37
2006,5,2,38839,100,91.76,76.27,76.27,31.17,12.37
2006,4,25,38832,100,92.67,76.27,76.27,26.16,0
2006,4,18,38825,100,92.67,76.27,76.27,26.16,0
2006,4,11,38818,100,92.67,76.27,76.27,26.16,0
2006,4,4,38811,100,92.67,76.27,76.27,27.84,0
2006,3,28,38804,100,91.58,76.27,76.27,27.84,0
2006,3,21,38797,100,91.56,76.27,76.27,27.84,0
2006,3,14,38790,100,91.45,76.27,76.27,27.84,0
2006,3,7,38783,100,91.73,77.18,77.18,45.36,0
2006,2,28,38776,100,91.92,73.1,73.1,32.4,0
2006,2,21,38769,100,86.65,72.07,72.07,32.4,0
2006,2,14,38762,100,82.25,62.46,62.46,32.4,0
2006,2,7,38755,100,82.25,62.46,62.46,32.4,0
2006,1,31,38748,96.97,78,46.07,46.07,7.84,0
2006,1,24,38741,96.97,56.29,35.9,35.9,0,0
2006,1,17,38734,96.97,56.29,17.02,17.02,0,0
2006,1,10,38727,97.36,54.47,9.71,9.71,0,0
2006,1,3,38720,97.23,40.36,0,0,0,0
2005,12,27,38713,78.08,20.27,0,0,0,0
2005,12,20,38706,78.08,20.27,0,0,0,0
2005,12,13,38699,78.08,20.27,0,0,0,0
2005,12,6,38692,50.05,11.19,0,0,0,0
2005,11,29,38685,50.05,11.19,0,0,0,0
2005,11,22,38678,50.05,11.19,0,0,0,0
2005,11,15,38671,50.05,11.19,0,0,0,0
2005,11,8,38664,50.05,11.19,0,0,0,0
2005,11,1,38657,50.05,11.19,0,0,0,0
2005,10,25,38650,50.05,11.19,0,0,0,0
2005,10,18,38643,50.05,11.19,0,0,0,0
2005,10,11,38636,50.05,11.16,0,0,0,0
2005,10,4,38629,33.26,11.65,0,0,0,0
2005,9,27,38622,33.28,11.65,0,0,0,0
2005,9,20,38615,33.55,11.65,0,0,0,0
2005,9,13,38608,34.94,11.65,0,0,0,0
2005,9,6,38601,34.94,11.65,0,0,0,0
2005,8,30,38594,35.37,11.65,0,0,0,0
2005,8,23,38587,35.21,11.65,0,0,0,0
2005,8,16,38580,42.31,16.47,0,0,0,0
2005,8,9,38573,60.74,19.87,0,0,0,0
2005,8,2,38566,78.11,26.26,0,0,0,0
2005,7,26,38559,80.88,27.77,0,0,0,0
2005,7,19,38552,54.92,19.46,0,0,0,0
2005,7,12,38545,54.92,19.46,0,0,0,0
2005,7,5,38538,54.92,19.46,0,0,0,0
2005,6,28,38531,53.87,19.46,0,0,0,0
2005,6,21,38524,54.48,19.46,0,0,0,0
2005,6,14,38517,54.8,19.46,0,0,0,0
2005,6,7,38510,54.8,19.46,0,0,0,0
2005,5,31,38503,53.37,9.53,0,0,0,0
2005,5,24,38496,53.37,9.53,0,0,0,0
2005,5,17,38489,53.37,9.53,0,0,0,0
2005,5,10,38482,53.38,9.53,2.89,2.89,0,0
2005,5,3,38475,57.53,11.9,2.89,2.89,0,0
2005,4,26,38468,57.65,14.45,2.89,2.89,0,0
2005,4,19,38461,61.62,23.08,2.89,2.89,0,0
2005,4,12,38454,61.62,23.12,2.89,2.89,0,0
2005,4,5,38447,66.48,37.35,5.67,5.67,0,0
2005,3,29,38440,66.45,38.01,5.9,5.9,0,0
2005,3,22,38433,72.21,38.01,5.91,5.91,0,0
2005,3,15,38426,75.78,38.01,5.91,5.91,0,0
2005,3,8,38419,75.78,38.01,5.91,5.91,0,0
2005,3,1,38412,75.78,38.01,5.91,5.91,0,0
2005,2,22,38405,91.24,42.52,7.55,7.55,2.75,0
2005,2,15,38398,91.24,46.83,12.68,12.68,2.75,0
2005,2,8,38391,96.69,79.04,37.43,37.43,7.99,0
2005,2,1,38384,99.62,82.15,40.14,40.14,10.09,0
2005,1,25,38377,99.62,83.71,40.14,40.14,10.09,0
2005,1,18,38370,99.69,83.71,40.14,40.14,10.09,0
2005,1,11,38363,100,83.71,40.14,40.14,13.9,0
2005,1,4,38356,100,91.28,50.23,50.23,17.15,0
2004,12,28,38349,100,94.2,61.02,61.02,23.12,0
2004,12,21,38342,100,94.2,61.02,61.02,23.12,0
2004,12,14,38335,100,94.2,61.02,61.02,23.12,0
2004,12,7,38328,100,94,61.06,61.06,23.12,0
2004,11,30,38321,100,94.24,61.73,61.73,23.12,0
2004,11,23,38314,100,94.19,64.16,64.16,23.92,0
2004,11,16,38307,100,94.19,65.15,65.15,25.89,0
2004,11,9,38300,100,91.11,62.57,62.57,25.88,0
2004,11,2,38293,100,91.11,82.32,82.32,27.18,0
2004,10,26,38286,100,91.11,82.32,82.32,27.18,0
2004,10,19,38279,100,91.11,82.32,82.32,39.21,0
2004,10,12,38272,100,91.11,82.32,82.32,39.21,0
2004,10,5,38265,100,91.11,82.32,82.32,40.61,0
2004,9,28,38258,100,91.11,82.32,82.32,40.61,0
2004,9,21,38251,100,91.11,82.32,82.32,40.61,0
2004,9,14,38244,100,91.11,82.32,82.32,55.24,0
2004,9,7,38237,100,90.41,81.74,81.74,55.24,0
2004,8,31,38230,100,90.41,81.74,81.74,56.62,0
2004,8,24,38223,100,90.41,81.74,81.74,56.62,0
2004,8,17,38216,100,90.41,81.74,81.74,57.92,0
2004,8,10,38209,100,90.41,77.27,77.27,59.17,0
2004,8,3,38202,100,90.41,76.91,76.91,55.23,0
2004,7,27,38195,100,90.41,76.91,76.91,55.23,0
2004,7,20,38188,100,90.71,75.62,75.62,51.93,0
2004,7,13,38181,100,90.41,75.62,75.62,51.93,0
2004,7,6,38174,100,90.41,75.62,75.62,51.13,0
2004,6,29,38167,100,90.47,75.42,75.42,51.13,0
2004,6,22,38160,100,90.41,75.42,75.42,51.13,0
2004,6,15,38153,100,90.37,74.8,74.8,51.13,0
2004,6,8,38146,100,90.37,74.8,74.8,51.26,0
2004,6,1,38139,100,90.67,73.24,73.24,51.55,0
2004,5,25,38132,100,88.77,73.71,73.71,51.55,0
2004,5,18,38125,100,88.77,73.71,73.71,50.56,0
2004,5,11,38118,100,88.77,73.71,73.71,50.56,0
2004,5,4,38111,100,88.77,73.71,73.71,50.56,0
2004,4,27,38104,100,88.77,73.71,73.71,49.54,0
2004,4,20,38097,100,88.77,73.71,73.71,49.54,0
2004,4,13,38090,100,88.77,73.71,73.71,49.54,0
2004,4,6,38083,100,86.77,67.09,67.09,43.01,0
2004,3,30,38076,100,90.04,74.17,74.17,53.81,1.29
2004,3,23,38069,100,90.04,71.09,71.09,46.69,1.29
2004,3,16,38062,100,90.04,71.09,71.09,43.72,1.29
2004,3,9,38055,100,90.04,71.09,71.09,43.72,1.29
2004,3,2,38048,100,84.66,66.17,66.17,35.66,1.38
2004,2,24,38041,100,84.66,67.55,67.55,37.47,2.57
2004,2,17,38034,100,84.66,67.55,67.55,37.47,2.57
2004,2,10,38027,100,84.66,67.55,67.55,37.5,2.57
2004,2,3,38020,100,84.66,67.55,67.55,37.5,2.57
2004,1,27,38013,100,82.56,60.94,60.94,37.72,2.57
2004,1,20,38006,100,95.76,65.85,65.85,38.88,2.29
2004,1,13,37999,100,87.59,66.67,66.67,39.4,2.29
2004,1,6,37992,100,85.1,60.8,60.8,38.51,2.29
2003,12,30,37985,100,84.88,61.65,61.65,39.91,3.1
2003,12,23,37978,100,85.76,60.69,60.69,35.76,3.06
2003,12,16,37971,100,83.63,53.07,53.07,29.66,1.93
2003,12,9,37964,100,83.39,50.91,50.91,29.36,2.01
2003,12,2,37957,100,83.9,51.84,51.84,29.83,1.94
2003,11,25,37950,100,83.61,52.2,52.2,30.25,2.03
2003,11,18,37943,100,83.79,52.22,52.22,29.07,1.67
2003,11,11,37936,100,92.97,62.8,62.8,31.88,1.67
2003,11,4,37929,100,93.33,63.44,63.44,31.99,1.42
2003,10,28,37922,100,92.65,62.5,62.5,31.95,1.54
2003,10,21,37915,100,93.63,62.99,62.99,23.47,1.59
2003,10,14,37908,100,91.42,61.12,61.12,25.52,2.08
2003,10,7,37901,100,91.98,64.31,64.31,23.71,1.86
2003,9,30,37894,100,91.52,62.43,62.43,25.65,3.16
2003,9,23,37887,100,100,69.26,69.26,27.45,3.35
2003,9,16,37880,100,100,68.63,68.63,27.15,2.91
2003,9,9,37873,100,100,70.23,70.23,40.67,5.96
2003,9,2,37866,100,100,81.16,81.16,43.86,5.43
2003,8,26,37859,100,99.99,80.56,80.56,44.02,5.95
2003,8,19,37852,100,100,80.45,80.45,43.42,5.86
2003,8,12,37845,100,100,82.58,82.58,50.45,5.68
2003,8,5,37838,100,100,83.42,83.42,50.28,6.45
2003,7,29,37831,100,100,94.91,94.91,58.02,5.44
2003,7,22,37824,100,100,99.5,99.5,61.91,7.09
2003,7,15,37817,100,100,99.28,99.28,58.64,4.14
2003,7,8,37810,100,100,96.35,96.35,41.17,4.24
2003,7,1,37803,100,100,96.26,96.26,33.57,3.94
2003,6,24,37796,100,100,88.16,88.16,34.63,4.08
2003,6,17,37789,100,100,87.36,87.36,34.29,4.06
2003,6,10,37782,100,100,88.72,88.72,33.19,4.11
2003,6,3,37775,100,100,88.41,88.41,32.94,0
2003,5,27,37768,100,100,89.07,89.07,33.04,0
2003,5,20,37761,100,100,88.8,88.8,32.45,0
2003,5,13,37754,100,100,72.03,72.03,33.39,0
2003,5,6,37747,100,100,71.52,71.52,29.11,0
2003,4,29,37740,100,100,71.4,71.4,28.75,0
2003,4,22,37733,100,100,71.08,71.08,28.62,0
2003,4,15,37726,100,100,69.28,69.28,26.54,0
2003,4,8,37719,100,100,68.41,68.41,28.01,0
2003,4,1,37712,100,100,68.95,68.95,28.78,0
2003,3,25,37705,100,100,69.54,69.54,28.63,0
2003,3,18,37698,100,100,68.91,68.91,27.77,0
2003,3,11,37691,100,100,68.43,68.43,28.25,0
2003,3,4,37684,100,100,68.67,68.67,37.31,0
2003,2,25,37677,100,100,92.14,92.14,59.37,6.92
2003,2,18,37670,100,100,91.9,91.9,59.83,6.93
2003,2,11,37663,100,100,95.67,95.67,62.57,11.83
2003,2,4,37656,100,100,92.52,92.52,62.41,12
2003,1,28,37649,100,100,92.7,92.7,62.52,11.97
2003,1,21,37642,100,100,92.47,92.47,67.07,10.72
2003,1,14,37635,100,100,92.57,92.57,68.92,11.73
2003,1,7,37628,100,100,89.84,89.84,63.55,11.75
2002,12,31,37621,100,100,89.86,89.86,61.55,11.88
2002,12,24,37614,100,100,90.47,90.47,60.79,11.7
2002,12,17,37607,100,100,90.88,90.88,61.68,11.64
2002,12,10,37600,100,100,90.34,90.34,60.64,11.52
2002,12,3,37593,100,100,90.35,90.35,59.47,10.37
2002,11,26,37586,100,100,90.23,90.23,60.5,11.03
2002,11,19,37579,100,100,90.46,90.46,60.62,11.11
2002,11,12,37572,100,100,90.69,90.69,60.5,10.93
2002,11,5,37565,100,100,91.76,91.76,63.02,13.3
2002,10,29,37558,100,100,91.25,91.25,63.31,13.66
2002,10,22,37551,100,100,92.17,92.17,61.29,13.48
2002,10,15,37544,100,100,92.21,92.21,60.92,12.92
2002,10,8,37537,100,100,92.14,92.14,61.03,13.32
2002,10,1,37530,100,100,96.59,96.59,59.71,16.26
2002,9,24,37523,100,100,96.63,96.63,58.08,17.16
2002,9,17,37516,100,100,97.17,97.17,59.24,19
2002,9,10,37509,100,100,98.03,98.03,58.68,20.15
2002,9,3,37502,100,100,98.09,98.09,66.41,24.54
2002,8,27,37495,100,100,98.06,98.06,66.12,24.8
2002,8,20,37488,100,100,97.97,97.97,66.41,24.83
2002,8,13,37481,100,100,98.14,98.14,66.61,25.22
2002,8,6,37474,100,100,97.92,97.92,65.83,24.51
2002,7,30,37467,100,100,100,100,84.64,31.72
2002,7,23,37460,100,100,100,100,100,35.77
2002,7,16,37453,100,100,100,100,100,35.65
2002,7,9,37446,100,100,100,100,95.96,36.15
2002,7,2,37439,100,100,100,100,93.27,36.04
2002,6,25,37432,100,100,100,100,92.92,35.12
2002,6,18,37425,100,100,100,100,89.92,22.29
2002,6,11,37418,100,100,100,100,89.43,19.61
2002,6,4,37411,100,100,100,100,89.1,19.6
2002,5,28,37404,100,100,100,100,89.27,19.53
2002,5,21,37397,100,100,100,100,83.65,0
2002,5,14,37390,100,100,100,100,84.35,0
2002,5,7,37383,100,100,100,100,39.88,0
2002,4,30,37376,100,100,100,100,39.11,0
2002,4,23,37369,100,100,84.33,84.33,5.54,0
2002,4,16,37362,100,100,82.74,82.74,0,0
2002,4,9,37355,100,100,76.14,76.14,0,0
2002,4,2,37348,100,100,72,72,0,0
2002,3,26,37341,100,97.9,41.94,41.94,0,0
2002,3,19,37334,100,97.03,2.05,2.05,0,0
2002,3,12,37327,100,95.92,0.24,0.24,0,0
2002,3,5,37320,100,22.55,0,0,0,0
2002,2,26,37313,100,22.97,0,0,0,0
2002,2,19,37306,88.26,22.78,0,0,0,0
2002,2,12,37299,89.05,23.09,0,0,0,0
2002,2,5,37292,58.74,2.2,0,0,0,0
2002,1,29,37285,50.51,0,0,0,0,0
2002,1,22,37278,50.92,0,0,0,0,0
2002,1,15,37271,42.14,0,0,0,0,0
2002,1,8,37264,0,0,0,0,0,0
2002,1,1,37257,0,0,0,0,0,0
2001,12,25,37250,0,0,0,0,0,0
2001,12,18,37243,0,0,0,0,0,0
2001,12,11,37236,0,0,0,0,0,0
2001,12,4,37229,0,0,0,0,0,0
2001,11,27,37222,0,0,0,0,0,0
2001,11,20,37215,0,0,0,0,0,0
2001,11,13,37208,0.04,0,0,0,0,0
2001,11,6,37201,0.04,0,0,0,0,0
2001,10,30,37194,0,0,0,0,0,0
2001,10,23,37187,0,0,0,0,0,0
2001,10,16,37180,0,0,0,0,0,0
2001,10,9,37173,0,0,0,0,0,0
2001,10,2,37166,0,0,0,0,0,0
2001,9,25,37159,0,0,0,0,0,0
2001,9,18,37152,0,0,0,0,0,0
2001,9,11,37145,0,0,0,0,0,0
2001,9,4,37138,0,0,0,0,0,0
2001,8,28,37131,0,0,0,0,0,0
2001,8,21,37124,0,0,0,0,0,0
2001,8,14,37117,0,0,0,0,0,0
2001,8,7,37110,0,0,0,0,0,0
2001,7,31,37103,0,0,0,0,0,0
2001,7,24,37096,0,0,0,0,0,0
2001,7,17,37089,0,0,0,0,0,0
2001,7,10,37082,0,0,0,0,0,0
2001,7,3,37075,32.9,0,0,0,0,0
2001,6,26,37068,30.62,0,0,0,0,0
2001,6,19,37061,30.62,0,0,0,0,0
2001,6,12,37054,0,0,0,0,0,0
2001,6,5,37047,0,0,0,0,0,0
2001,5,29,37040,0,0,0,0,0,0
2001,5,22,37033,0,0,0,0,0,0
2001,5,15,37026,0,0,0,0,0,0
2001,5,8,37019,0,0,0,0,0,0
2001,5,1,37012,0,0,0,0,0,0
2001,4,24,37005,0,0,0,0,0,0
2001,4,17,36998,0,0,0,0,0,0
2001,4,10,36991,0,0,0,0,0,0
2001,4,3,36984,0,0,0,0,0,0
2001,3,27,36977,0,0,0,0,0,0
2001,3,20,36970,0,0,0,0,0,0
2001,3,13,36963,0,0,0,0,0,0
2001,3,6,36956,0,0,0,0,0,0
2001,2,27,36949,0,0,0,0,0,0
2001,2,20,36942,0,0,0,0,0,0
2001,2,13,36935,0,0,0,0,0,0
2001,2,6,36928,0,0,0,0,0,0
2001,1,30,36921,0,0,0,0,0,0
2001,1,23,36914,0,0,0,0,0,0
2001,1,16,36907,0,0,0,0,0,0
2001,1,9,36900,10.38,0,0,0,0,0
2001,1,2,36893,0,0,0,0,0,0
2000,12,26,36886,0,0,0,0,0,0
2000,12,19,36879,0,0,0,0,0,0
2000,12,12,36872,0,0,0,0,0,0
2000,12,5,36865,0,0,0,0,0,0
2000,11,28,36858,0,0,0,0,0,0
2000,11,21,36851,0,0,0,0,0,0
2000,11,14,36844,0,0,0,0,0,0
2000,11,7,36837,0,0,0,0,0,0
2000,10,31,36830,8.56,0,0,0,0,0
2000,10,24,36823,42.82,8.89,0,0,0,0
2000,10,17,36816,71.12,23.28,1.94,1.94,0,0
2000,10,10,36809,99.73,32.91,6.64,6.64,0,0
2000,10,3,36802,99.73,32.99,2.26,2.26,0,0
2000,9,26,36795,86.39,16.03,2.26,2.26,0,0
2000,9,19,36788,74.84,8.92,2.26,2.26,0,0
2000,9,12,36781,74.84,8.92,2.26,2.26,0,0
2000,9,5,36774,74.84,8.92,2.26,2.26,0,0
2000,8,29,36767,75.2,26.03,3.93,3.93,0,0
2000,8,22,36760,76.33,31.05,8.6,8.6,0,0
2000,8,15,36753,80.55,28.99,9.27,9.27,0,0
2000,8,8,36746,100,20.15,0,0,0,0
2000,8,1,36739,93.05,10.12,0,0,0,0
2000,7,25,36732,93.05,8,0,0,0,0
2000,7,18,36725,85.73,0.4,0,0,0,0
2000,7,11,36718,49.34,0.42,0,0,0,0
2000,7,4,36711,49.17,0,0,0,0,0
2000,6,27,36704,82.2,51.92,7.46,7.46,0,0
2000,6,20,36697,82.2,50.6,6.22,6.22,0,0
2000,6,13,36690,81.49,50.6,6.22,6.22,0,0
2000,6,6,36683,82.58,48.64,6.22,6.22,0,0
2000,5,30,36676,77.49,39.56,6.22,6.22,0,0
2000,5,23,36669,77.51,32.63,6.22,6.22,0,0
2000,5,16,36662,76.85,32.63,6.22,6.22,0,0
2000,5,9,36655,50.61,24.73,0,0,0,0
2000,5,2,36648,48.68,21.65,0,0,0,0
2000,4,25,36641,37.18,10.03,0,0,0,0
2000,4,18,36634,40.12,10.03,0,0,0,0
2000,4,11,36627,38.07,13.56,0,0,0,0
2000,4,4,36620,38.03,13.11,0,0,0,0
2000,3,28,36613,41.3,7.48,0,0,0,0
2000,3,21,36606,43.91,8.02,0,0,0,0
2000,3,14,36599,43.91,8.02,0,0,0,0
2000,3,7,36592,76.4,33.39,0,0,0,0
2000,2,29,36585,83.99,36.67,0,0,0,0
2000,2,22,36578,94.9,37.5,0,0,0,0
2000,2,15,36571,100,37.5,0,0,0,0
2000,2,8,36564,100,0,0,0,0,0
2000,2,1,36557,100,0,0,0,0,0
2000,1,25,36550,100,0,0,0,0,0
2000,1,18,36543,100,0,0,0,0,0
2000,1,11,36536,100,0,0,0,0,0
2000,1,4,36529,60.46,0,0,0,0,0
